{
    "parent": "item/generated",
    "textures": {
        "layer0": "items/repeater"
    },
    "display": {
        "ground": {
            "rotation": [ 0, 0, 90 ],
            "translation": [ 0, 10, 0 ],
            "scale": [ 1.5, 1.5, 1.5 ]
        },
        "gui": {
            "rotation": [ 0, 0, 90 ],
			"translation": [ 0, 0, 0 ],
            "scale": [ 1, 1, 1 ]
        },
        "thirdperson_righthand": {
            "rotation": [ 45, 45, 0 ],
            "translation": [ 0, 3, 0 ],
            "scale": [ 0.5, 0.5, 0.5 ]
        }
    }
}
